252.83;09/04/2021 10:55;D;
117.00;09/04/2021 10:55;U;
281.62;09/04/2021 10:55;D;
115.96;09/04/2021 10:55;U;
283.39;09/04/2021 10:55;D;
118.68;09/04/2021 10:55;U;
296.01;09/04/2021 11:21;D;
118.72;09/04/2021 11:21;U;
289.02;09/04/2021 11:21;D;
119.18;09/04/2021 11:21;U;
250.24;09/04/2021 11:23;D;
119.30;09/04/2021 11:23;U;
287.23;09/04/2021 11:46;D;
119.88;09/04/2021 11:46;U;
289.77;09/04/2021 11:49;D;
119.88;09/04/2021 11:49;U;
268.72;09/04/2021 11:57;D;
119.43;09/04/2021 11:57;U;
268.85;09/04/2021 12:38;D;
108.90;09/04/2021 12:38;U;
260.24;09/04/2021 12:40;D;
112.37;09/04/2021 12:40;U;
275.29;09/04/2021 12:55;D;
120.37;09/04/2021 12:55;U;
276.04;09/04/2021 13:03;D;
100.42;09/04/2021 13:03;U;
251.01;09/04/2021 13:04;D;
119.43;09/04/2021 13:04;U;
276.81;09/04/2021 13:06;D;
120.24;09/04/2021 13:06;U;
269.50;09/04/2021 13:11;D;
119.13;09/04/2021 13:11;U;
249.76;09/04/2021 13:16;D;
119.56;09/04/2021 13:16;U;
10.33;09/04/2021 13:21;D;
119.51;09/04/2021 13:21;U;
251.54;09/04/2021 13:26;D;
108.37;09/04/2021 13:26;U;
229.64;09/04/2021 13:31;D;
108.61;09/04/2021 13:31;U;
0.00;09/04/2021 13:36;D;
20.61;09/04/2021 13:36;U;
219.10;09/04/2021 13:41;D;
105.08;09/04/2021 13:41;U;
269.59;09/04/2021 13:46;D;
109.89;09/04/2021 13:46;U;
264.20;09/04/2021 13:51;D;
105.46;09/04/2021 13:51;U;
268.17;09/04/2021 13:56;D;
114.67;09/04/2021 13:56;U;
249.51;09/04/2021 14:01;D;
96.51;09/04/2021 14:01;U;
238.80;09/04/2021 14:06;D;
108.00;09/04/2021 14:06;U;
247.30;09/04/2021 14:11;D;
102.79;09/04/2021 14:11;U;
233.36;09/04/2021 14:16;D;
105.30;09/04/2021 14:16;U;
250.36;09/04/2021 14:21;D;
107.27;09/04/2021 14:21;U;
264.22;09/04/2021 14:26;D;
111.50;09/04/2021 14:26;U;
278.50;09/04/2021 14:31;D;
111.55;09/04/2021 14:31;U;
270.20;09/04/2021 14:36;D;
113.38;09/04/2021 14:36;U;
241.86;09/04/2021 14:41;D;
115.04;09/04/2021 14:41;U;
220.31;09/04/2021 14:46;D;
104.00;09/04/2021 14:46;U;
202.16;09/04/2021 14:51;D;
99.28;09/04/2021 14:51;U;
214.94;09/04/2021 14:56;D;
93.42;09/04/2021 14:56;U;
218.59;09/04/2021 15:01;D;
91.26;09/04/2021 15:01;U;
213.85;09/04/2021 15:06;D;
98.78;09/04/2021 15:06;U;
95.50;09/04/2021 15:11;D;
60.39;09/04/2021 15:11;U;
206.23;09/04/2021 15:16;D;
101.40;09/04/2021 15:16;U;
250.97;09/04/2021 15:21;D;
114.07;09/04/2021 15:21;U;
205.61;09/04/2021 15:26;D;
107.12;09/04/2021 15:26;U;
251.70;09/04/2021 15:31;D;
110.48;09/04/2021 15:31;U;
231.01;09/04/2021 15:36;D;
99.79;09/04/2021 15:36;U;
230.04;09/04/2021 15:41;D;
101.64;09/04/2021 15:41;U;
255.77;09/04/2021 15:46;D;
97.10;09/04/2021 15:46;U;
247.90;09/04/2021 15:51;D;
103.12;09/04/2021 15:51;U;
269.35;09/04/2021 15:56;D;
105.12;09/04/2021 15:56;U;
272.84;09/04/2021 16:01;D;
101.40;09/04/2021 16:01;U;
255.78;09/04/2021 16:06;D;
101.95;09/04/2021 16:06;U;
243.75;09/04/2021 16:11;D;
100.51;09/04/2021 16:11;U;
226.64;09/04/2021 16:16;D;
98.56;09/04/2021 16:16;U;
258.54;09/04/2021 16:21;D;
92.81;09/04/2021 16:21;U;
225.08;09/04/2021 16:26;D;
63.84;09/04/2021 16:26;U;
262.30;09/04/2021 16:31;D;
118.04;09/04/2021 16:31;U;
269.63;09/04/2021 16:36;D;
94.10;09/04/2021 16:36;U;
243.15;09/04/2021 16:41;D;
117.50;09/04/2021 16:41;U;
215.30;09/04/2021 16:46;D;
118.75;09/04/2021 16:46;U;
250.42;09/04/2021 16:51;D;
119.45;09/04/2021 16:51;U;
128.30;09/04/2021 16:56;D;
61.59;09/04/2021 16:56;U;
246.19;09/04/2021 17:01;D;
120.54;09/04/2021 17:01;U;
237.26;09/04/2021 17:06;D;
119.09;09/04/2021 17:06;U;
257.00;09/04/2021 17:11;D;
118.10;09/04/2021 17:11;U;
247.99;09/04/2021 17:17;D;
118.06;09/04/2021 17:17;U;
186.88;09/04/2021 17:35;D;
119.63;09/04/2021 17:35;U;
259.32;09/04/2021 17:36;D;
117.85;09/04/2021 17:36;U;
255.89;09/04/2021 17:41;D;
119.22;09/04/2021 17:41;U;
264.30;09/04/2021 17:46;D;
118.82;09/04/2021 17:46;U;
272.02;09/04/2021 17:51;D;
79.74;09/04/2021 17:51;U;
226.42;09/04/2021 17:56;D;
66.04;09/04/2021 17:56;U;
240.82;09/04/2021 18:01;D;
115.36;09/04/2021 18:01;U;
248.15;09/04/2021 18:06;D;
96.41;09/04/2021 18:06;U;
251.08;09/04/2021 18:11;D;
117.74;09/04/2021 18:11;U;
243.42;09/04/2021 18:16;D;
118.81;09/04/2021 18:16;U;
253.84;09/04/2021 18:21;D;
60.00;09/04/2021 18:21;U;
227.20;09/04/2021 18:26;D;
117.74;09/04/2021 18:26;U;
224.17;09/04/2021 18:31;D;
60.53;09/04/2021 18:31;U;
274.61;09/04/2021 18:36;D;
116.83;09/04/2021 18:36;U;
239.12;09/04/2021 18:41;D;
120.13;09/04/2021 18:41;U;
275.37;09/04/2021 18:46;D;
120.50;09/04/2021 18:46;U;
241.67;09/04/2021 18:51;D;
119.11;09/04/2021 18:51;U;
183.89;09/04/2021 18:56;D;
120.74;09/04/2021 18:56;U;
246.85;09/04/2021 19:01;D;
119.43;09/04/2021 19:01;U;
250.43;09/04/2021 19:06;D;
114.38;09/04/2021 19:06;U;
218.85;09/04/2021 19:11;D;
118.76;09/04/2021 19:11;U;
244.31;09/04/2021 19:16;D;
117.81;09/04/2021 19:16;U;
231.58;09/04/2021 19:21;D;
62.29;09/04/2021 19:21;U;
255.77;09/04/2021 19:26;D;
96.84;09/04/2021 19:26;U;
253.75;09/04/2021 19:31;D;
113.38;09/04/2021 19:31;U;
258.71;09/04/2021 19:36;D;
109.90;09/04/2021 19:36;U;
238.34;09/04/2021 19:41;D;
110.39;09/04/2021 19:41;U;
243.80;09/04/2021 19:46;D;
102.23;09/04/2021 19:46;U;
230.02;09/04/2021 19:51;D;
106.87;09/04/2021 19:51;U;
241.79;09/04/2021 19:56;D;
11.60;09/04/2021 19:56;U;
282.41;09/04/2021 20:01;D;
107.43;09/04/2021 20:01;U;
252.75;09/04/2021 20:06;D;
93.66;09/04/2021 20:06;U;
227.28;09/04/2021 20:11;D;
105.74;09/04/2021 20:11;U;
233.70;09/04/2021 20:16;D;
105.23;09/04/2021 20:16;U;
272.78;09/04/2021 20:21;D;
106.15;09/04/2021 20:21;U;
218.65;09/04/2021 20:26;D;
115.33;09/04/2021 20:26;U;
274.41;09/04/2021 20:31;D;
111.48;09/04/2021 20:31;U;
246.36;09/04/2021 20:36;D;
111.18;09/04/2021 20:36;U;
268.34;09/04/2021 20:41;D;
104.33;09/04/2021 20:41;U;
207.50;09/04/2021 20:46;D;
113.13;09/04/2021 20:46;U;
271.94;09/04/2021 20:51;D;
109.57;09/04/2021 20:51;U;
258.31;09/04/2021 20:56;D;
113.82;09/04/2021 20:56;U;
226.28;09/04/2021 21:01;D;
113.48;09/04/2021 21:01;U;
187.66;09/04/2021 21:06;D;
107.09;09/04/2021 21:06;U;
250.78;09/04/2021 21:11;D;
113.36;09/04/2021 21:11;U;
221.66;09/04/2021 21:16;D;
98.27;09/04/2021 21:16;U;
230.32;09/04/2021 21:21;D;
61.70;09/04/2021 21:21;U;
247.53;09/04/2021 21:26;D;
5.00;09/04/2021 21:26;U;
225.78;09/04/2021 21:31;D;
99.62;09/04/2021 21:31;U;
241.31;09/04/2021 21:36;D;
100.95;09/04/2021 21:36;U;
236.50;09/04/2021 21:41;D;
101.47;09/04/2021 21:41;U;
247.99;09/04/2021 21:46;D;
106.39;09/04/2021 21:46;U;
0.00;09/04/2021 21:51;D;
22.12;09/04/2021 21:51;U;
225.51;09/04/2021 21:56;D;
110.36;09/04/2021 21:56;U;
254.75;09/04/2021 22:01;D;
113.55;09/04/2021 22:01;U;
259.99;09/04/2021 22:09;D;
110.68;09/04/2021 22:09;U;
242.57;09/04/2021 22:11;D;
106.77;09/04/2021 22:11;U;
289.63;09/04/2021 22:16;D;
103.59;09/04/2021 22:16;U;
250.67;09/04/2021 22:21;D;
97.29;09/04/2021 22:21;U;
230.56;09/04/2021 22:26;D;
109.95;09/04/2021 22:26;U;
236.67;09/04/2021 22:31;D;
96.64;09/04/2021 22:31;U;
245.05;09/04/2021 22:36;D;
111.20;09/04/2021 22:36;U;
224.49;09/04/2021 22:41;D;
112.46;09/04/2021 22:41;U;
235.64;09/04/2021 22:46;D;
109.34;09/04/2021 22:46;U;
248.34;09/04/2021 22:51;D;
99.50;09/04/2021 22:51;U;
259.07;09/04/2021 22:56;D;
112.99;09/04/2021 22:56;U;
264.38;09/04/2021 23:01;D;
108.51;09/04/2021 23:01;U;
198.24;09/04/2021 23:06;D;
113.07;09/04/2021 23:06;U;
230.75;09/04/2021 23:11;D;
108.56;09/04/2021 23:11;U;
237.39;09/04/2021 23:16;D;
111.70;09/04/2021 23:16;U;
241.07;09/04/2021 23:21;D;
106.84;09/04/2021 23:21;U;
250.13;09/04/2021 23:26;D;
109.50;09/04/2021 23:26;U;
260.45;09/04/2021 23:31;D;
100.17;09/04/2021 23:31;U;
264.04;09/04/2021 23:36;D;
108.82;09/04/2021 23:36;U;
224.60;09/04/2021 23:41;D;
98.45;09/04/2021 23:41;U;
244.56;09/04/2021 23:46;D;
106.93;09/04/2021 23:46;U;
267.66;09/04/2021 23:51;D;
99.26;09/04/2021 23:51;U;
254.28;09/04/2021 23:56;D;
105.38;09/04/2021 23:56;U;
249.30;10/04/2021 00:01;D;
110.98;10/04/2021 00:01;U;
259.51;10/04/2021 00:06;D;
111.01;10/04/2021 00:06;U;
245.26;10/04/2021 00:11;D;
110.04;10/04/2021 00:11;U;
205.10;10/04/2021 00:16;D;
100.97;10/04/2021 00:16;U;
266.84;10/04/2021 00:21;D;
113.39;10/04/2021 00:21;U;
263.45;10/04/2021 00:26;D;
98.22;10/04/2021 00:26;U;
252.09;10/04/2021 00:31;D;
87.90;10/04/2021 00:31;U;
247.36;10/04/2021 00:36;D;
106.91;10/04/2021 00:36;U;
220.59;10/04/2021 00:41;D;
95.60;10/04/2021 00:41;U;
233.09;10/04/2021 00:46;D;
93.41;10/04/2021 00:46;U;
230.45;10/04/2021 00:51;D;
104.86;10/04/2021 00:51;U;
235.16;10/04/2021 00:56;D;
107.68;10/04/2021 00:56;U;
233.27;10/04/2021 01:01;D;
97.82;10/04/2021 01:01;U;
264.08;10/04/2021 01:06;D;
102.70;10/04/2021 01:06;U;
266.31;10/04/2021 01:11;D;
104.86;10/04/2021 01:11;U;
226.15;10/04/2021 01:16;D;
107.57;10/04/2021 01:16;U;
229.56;10/04/2021 01:21;D;
101.52;10/04/2021 01:21;U;
259.67;10/04/2021 01:26;D;
127.31;10/04/2021 01:26;U;
222.55;10/04/2021 01:31;D;
121.92;10/04/2021 01:31;U;
192.53;10/04/2021 01:36;D;
120.28;10/04/2021 01:36;U;
229.35;10/04/2021 01:41;D;
119.53;10/04/2021 01:41;U;
203.32;10/04/2021 01:46;D;
123.81;10/04/2021 01:46;U;
240.93;10/04/2021 01:51;D;
122.61;10/04/2021 01:51;U;
257.15;10/04/2021 01:56;D;
123.54;10/04/2021 01:56;U;
245.99;10/04/2021 02:01;D;
129.45;10/04/2021 02:01;U;
239.60;10/04/2021 02:06;D;
122.37;10/04/2021 02:06;U;
237.05;10/04/2021 02:11;D;
129.06;10/04/2021 02:11;U;
232.74;10/04/2021 02:16;D;
121.06;10/04/2021 02:16;U;
261.96;10/04/2021 02:21;D;
74.31;10/04/2021 02:21;U;
222.81;10/04/2021 02:26;D;
124.89;10/04/2021 02:26;U;
252.82;10/04/2021 02:31;D;
119.76;10/04/2021 02:31;U;
224.37;10/04/2021 02:36;D;
119.16;10/04/2021 02:36;U;
234.06;10/04/2021 02:41;D;
121.14;10/04/2021 02:41;U;
210.77;10/04/2021 02:46;D;
124.57;10/04/2021 02:46;U;
249.36;10/04/2021 02:51;D;
123.89;10/04/2021 02:51;U;
186.45;10/04/2021 02:56;D;
120.64;10/04/2021 02:56;U;
242.02;10/04/2021 03:01;D;
120.71;10/04/2021 03:01;U;
226.32;10/04/2021 03:06;D;
120.42;10/04/2021 03:06;U;
187.07;10/04/2021 03:11;D;
126.99;10/04/2021 03:11;U;
189.90;10/04/2021 03:16;D;
119.43;10/04/2021 03:16;U;
193.17;10/04/2021 03:21;D;
117.89;10/04/2021 03:21;U;
196.36;10/04/2021 03:26;D;
124.03;10/04/2021 03:26;U;
230.61;10/04/2021 03:31;D;
120.95;10/04/2021 03:31;U;
240.36;10/04/2021 03:36;D;
121.17;10/04/2021 03:36;U;
294.09;10/04/2021 03:41;D;
119.52;10/04/2021 03:41;U;
264.24;10/04/2021 03:46;D;
125.36;10/04/2021 03:46;U;
237.02;10/04/2021 03:51;D;
123.68;10/04/2021 03:51;U;
252.83;10/04/2021 03:56;D;
120.62;10/04/2021 03:56;U;
274.87;10/04/2021 04:01;D;
127.58;10/04/2021 04:01;U;
251.99;10/04/2021 04:06;D;
120.49;10/04/2021 04:06;U;
256.73;10/04/2021 04:11;D;
122.36;10/04/2021 04:11;U;
249.56;10/04/2021 04:16;D;
119.69;10/04/2021 04:16;U;
258.43;10/04/2021 04:21;D;
124.17;10/04/2021 04:21;U;
258.52;10/04/2021 04:26;D;
118.17;10/04/2021 04:26;U;
279.41;10/04/2021 04:31;D;
117.58;10/04/2021 04:31;U;
253.80;10/04/2021 04:36;D;
118.63;10/04/2021 04:36;U;
217.84;10/04/2021 04:41;D;
120.84;10/04/2021 04:41;U;
258.12;10/04/2021 04:46;D;
120.01;10/04/2021 04:46;U;
266.31;10/04/2021 04:51;D;
118.44;10/04/2021 04:51;U;
242.63;10/04/2021 04:56;D;
94.08;10/04/2021 04:56;U;
202.77;10/04/2021 05:01;D;
117.61;10/04/2021 05:01;U;
247.67;10/04/2021 05:06;D;
119.90;10/04/2021 05:06;U;
271.59;10/04/2021 05:11;D;
119.18;10/04/2021 05:11;U;
228.93;10/04/2021 05:16;D;
119.37;10/04/2021 05:16;U;
250.15;10/04/2021 05:21;D;
118.04;10/04/2021 05:21;U;
216.81;10/04/2021 05:26;D;
116.56;10/04/2021 05:26;U;
277.68;10/04/2021 05:31;D;
119.35;10/04/2021 05:31;U;
271.42;10/04/2021 05:36;D;
119.28;10/04/2021 05:36;U;
214.74;10/04/2021 05:41;D;
114.97;10/04/2021 05:41;U;
256.64;10/04/2021 05:46;D;
118.79;10/04/2021 05:46;U;
241.95;10/04/2021 05:51;D;
117.61;10/04/2021 05:51;U;
250.84;10/04/2021 05:56;D;
117.91;10/04/2021 05:56;U;
266.87;10/04/2021 06:01;D;
119.02;10/04/2021 06:01;U;
229.78;10/04/2021 06:06;D;
117.88;10/04/2021 06:06;U;
219.62;10/04/2021 06:11;D;
117.83;10/04/2021 06:11;U;
227.03;10/04/2021 06:16;D;
114.95;10/04/2021 06:16;U;
277.60;10/04/2021 06:21;D;
118.32;10/04/2021 06:21;U;
217.81;10/04/2021 06:26;D;
113.31;10/04/2021 06:26;U;
220.86;10/04/2021 06:31;D;
115.95;10/04/2021 06:31;U;
247.08;10/04/2021 06:36;D;
120.08;10/04/2021 06:36;U;
271.72;10/04/2021 06:41;D;
120.01;10/04/2021 06:41;U;
246.80;10/04/2021 06:46;D;
119.55;10/04/2021 06:46;U;
256.66;10/04/2021 06:51;D;
118.57;10/04/2021 06:51;U;
271.89;10/04/2021 06:56;D;
120.16;10/04/2021 06:56;U;
266.94;10/04/2021 07:01;D;
117.68;10/04/2021 07:01;U;
269.19;10/04/2021 07:06;D;
119.20;10/04/2021 07:06;U;
254.61;10/04/2021 07:11;D;
76.67;10/04/2021 07:11;U;
167.28;10/04/2021 07:16;D;
119.51;10/04/2021 07:16;U;
263.98;10/04/2021 07:21;D;
119.50;10/04/2021 07:21;U;
261.74;10/04/2021 07:26;D;
90.91;10/04/2021 07:26;U;
229.58;10/04/2021 07:31;D;
90.76;10/04/2021 07:31;U;
195.74;10/04/2021 07:36;D;
94.74;10/04/2021 07:36;U;
234.06;10/04/2021 07:41;D;
110.64;10/04/2021 07:41;U;
264.99;10/04/2021 07:46;D;
98.96;10/04/2021 07:46;U;
236.85;10/04/2021 07:51;D;
106.96;10/04/2021 07:51;U;
254.38;10/04/2021 07:56;D;
101.84;10/04/2021 07:56;U;
245.07;10/04/2021 08:01;D;
103.46;10/04/2021 08:01;U;
255.48;10/04/2021 08:06;D;
109.66;10/04/2021 08:06;U;
205.67;10/04/2021 08:11;D;
105.97;10/04/2021 08:11;U;
238.98;10/04/2021 08:16;D;
107.41;10/04/2021 08:16;U;
241.11;10/04/2021 08:21;D;
107.60;10/04/2021 08:21;U;
253.77;10/04/2021 08:26;D;
105.97;10/04/2021 08:26;U;
236.58;10/04/2021 08:31;D;
102.65;10/04/2021 08:31;U;
277.24;10/04/2021 08:36;D;
96.30;10/04/2021 08:36;U;
218.79;10/04/2021 08:41;D;
105.52;10/04/2021 08:41;U;
238.29;10/04/2021 08:46;D;
107.74;10/04/2021 08:46;U;
229.37;10/04/2021 08:51;D;
102.06;10/04/2021 08:51;U;
235.57;10/04/2021 08:56;D;
86.41;10/04/2021 08:56;U;
236.97;10/04/2021 09:01;D;
104.81;10/04/2021 09:01;U;
262.05;10/04/2021 09:06;D;
113.12;10/04/2021 09:06;U;
249.86;10/04/2021 09:11;D;
99.18;10/04/2021 09:11;U;
266.89;10/04/2021 09:16;D;
109.51;10/04/2021 09:16;U;
243.09;10/04/2021 09:21;D;
106.51;10/04/2021 09:21;U;
246.10;10/04/2021 09:26;D;
112.31;10/04/2021 09:26;U;
249.54;10/04/2021 09:31;D;
101.13;10/04/2021 09:31;U;
245.98;10/04/2021 09:36;D;
104.88;10/04/2021 09:36;U;
246.33;10/04/2021 09:41;D;
105.49;10/04/2021 09:41;U;
201.04;10/04/2021 09:46;D;
107.46;10/04/2021 09:46;U;
225.18;10/04/2021 09:51;D;
106.87;10/04/2021 09:51;U;
256.24;10/04/2021 09:56;D;
105.48;10/04/2021 09:56;U;
246.97;10/04/2021 10:01;D;
99.57;10/04/2021 10:01;U;
255.81;10/04/2021 10:06;D;
107.20;10/04/2021 10:06;U;
257.23;10/04/2021 10:11;D;
113.55;10/04/2021 10:11;U;
257.65;10/04/2021 10:16;D;
108.80;10/04/2021 10:16;U;
232.42;10/04/2021 10:21;D;
100.98;10/04/2021 10:21;U;
268.41;10/04/2021 10:26;D;
105.41;10/04/2021 10:26;U;
242.39;10/04/2021 10:31;D;
103.72;10/04/2021 10:31;U;
247.37;10/04/2021 10:36;D;
114.02;10/04/2021 10:36;U;
232.54;10/04/2021 10:41;D;
107.70;10/04/2021 10:41;U;
229.44;10/04/2021 10:46;D;
103.41;10/04/2021 10:46;U;
256.80;10/04/2021 10:51;D;
108.27;10/04/2021 10:51;U;
258.48;10/04/2021 10:56;D;
107.02;10/04/2021 10:56;U;
248.09;10/04/2021 11:01;D;
98.01;10/04/2021 11:01;U;
224.56;10/04/2021 11:06;D;
69.63;10/04/2021 11:06;U;
242.16;10/04/2021 11:11;D;
106.23;10/04/2021 11:11;U;
198.17;10/04/2021 11:16;D;
99.67;10/04/2021 11:16;U;
247.02;10/04/2021 11:21;D;
105.62;10/04/2021 11:21;U;
216.70;10/04/2021 11:26;D;
96.29;10/04/2021 11:26;U;
268.95;10/04/2021 11:31;D;
95.22;10/04/2021 11:31;U;
238.43;10/04/2021 11:36;D;
100.64;10/04/2021 11:36;U;
239.00;10/04/2021 11:41;D;
104.38;10/04/2021 11:41;U;
223.05;10/04/2021 11:46;D;
101.17;10/04/2021 11:46;U;
241.88;10/04/2021 11:51;D;
98.67;10/04/2021 11:51;U;
252.71;10/04/2021 11:56;D;
104.44;10/04/2021 11:56;U;
240.04;10/04/2021 12:01;D;
107.13;10/04/2021 12:01;U;
262.65;10/04/2021 12:06;D;
108.28;10/04/2021 12:06;U;
278.75;10/04/2021 12:11;D;
110.55;10/04/2021 12:11;U;
238.41;10/04/2021 12:16;D;
100.55;10/04/2021 12:16;U;
181.78;10/04/2021 12:21;D;
106.15;10/04/2021 12:21;U;
243.84;10/04/2021 12:26;D;
110.32;10/04/2021 12:26;U;
227.61;10/04/2021 12:31;D;
112.27;10/04/2021 12:31;U;
229.79;10/04/2021 12:36;D;
12.68;10/04/2021 12:36;U;
220.04;10/04/2021 12:41;D;
112.66;10/04/2021 12:41;U;
257.83;10/04/2021 12:46;D;
105.11;10/04/2021 12:46;U;
221.01;10/04/2021 12:51;D;
105.70;10/04/2021 12:51;U;
226.23;10/04/2021 12:56;D;
99.07;10/04/2021 12:56;U;
257.07;10/04/2021 13:01;D;
108.22;10/04/2021 13:01;U;
237.28;10/04/2021 13:06;D;
104.72;10/04/2021 13:06;U;
181.03;10/04/2021 13:11;D;
106.64;10/04/2021 13:11;U;
231.33;10/04/2021 13:16;D;
104.57;10/04/2021 13:16;U;
236.31;10/04/2021 13:21;D;
93.19;10/04/2021 13:21;U;
205.50;10/04/2021 13:26;D;
107.28;10/04/2021 13:26;U;
242.37;10/04/2021 13:31;D;
108.56;10/04/2021 13:31;U;
238.76;10/04/2021 13:36;D;
109.07;10/04/2021 13:36;U;
224.86;10/04/2021 13:41;D;
104.41;10/04/2021 13:41;U;
251.57;10/04/2021 13:46;D;
98.60;10/04/2021 13:46;U;
262.21;10/04/2021 13:51;D;
112.36;10/04/2021 13:51;U;
242.51;10/04/2021 13:56;D;
107.65;10/04/2021 13:56;U;
240.01;10/04/2021 14:01;D;
108.27;10/04/2021 14:01;U;
272.42;10/04/2021 14:06;D;
105.63;10/04/2021 14:06;U;
233.32;10/04/2021 14:11;D;
103.01;10/04/2021 14:11;U;
254.30;10/04/2021 14:16;D;
97.73;10/04/2021 14:16;U;
238.39;10/04/2021 14:21;D;
104.35;10/04/2021 14:21;U;
246.94;10/04/2021 14:26;D;
101.59;10/04/2021 14:26;U;
243.41;10/04/2021 14:31;D;
102.17;10/04/2021 14:31;U;
185.83;10/04/2021 14:36;D;
96.93;10/04/2021 14:36;U;
228.18;10/04/2021 14:41;D;
102.33;10/04/2021 14:41;U;
226.48;10/04/2021 14:46;D;
110.30;10/04/2021 14:46;U;
247.45;10/04/2021 14:51;D;
107.76;10/04/2021 14:51;U;
205.38;10/04/2021 14:56;D;
108.57;10/04/2021 14:56;U;
254.17;10/04/2021 15:01;D;
113.33;10/04/2021 15:01;U;
244.63;10/04/2021 15:06;D;
112.13;10/04/2021 15:06;U;
229.99;10/04/2021 15:11;D;
103.59;10/04/2021 15:11;U;
245.38;10/04/2021 15:16;D;
112.96;10/04/2021 15:16;U;
240.08;10/04/2021 15:21;D;
91.78;10/04/2021 15:21;U;
256.20;10/04/2021 15:26;D;
102.47;10/04/2021 15:26;U;
240.32;10/04/2021 15:31;D;
105.95;10/04/2021 15:31;U;
226.01;10/04/2021 15:36;D;
99.54;10/04/2021 15:36;U;
221.65;10/04/2021 15:41;D;
106.79;10/04/2021 15:41;U;
236.38;10/04/2021 15:46;D;
100.27;10/04/2021 15:46;U;
238.04;10/04/2021 15:51;D;
106.08;10/04/2021 15:51;U;
279.86;10/04/2021 15:56;D;
103.51;10/04/2021 15:56;U;
216.63;10/04/2021 16:01;D;
106.42;10/04/2021 16:01;U;
235.10;10/04/2021 16:06;D;
100.89;10/04/2021 16:06;U;
255.71;10/04/2021 16:11;D;
103.15;10/04/2021 16:11;U;
266.20;10/04/2021 16:16;D;
100.58;10/04/2021 16:16;U;
217.14;10/04/2021 16:21;D;
111.23;10/04/2021 16:21;U;
249.76;10/04/2021 16:26;D;
100.44;10/04/2021 16:26;U;
259.78;10/04/2021 16:31;D;
110.94;10/04/2021 16:31;U;
254.75;10/04/2021 16:36;D;
103.27;10/04/2021 16:36;U;
255.23;10/04/2021 16:41;D;
105.78;10/04/2021 16:41;U;
232.70;10/04/2021 16:46;D;
112.74;10/04/2021 16:46;U;
197.61;10/04/2021 16:51;D;
109.88;10/04/2021 16:51;U;
255.51;10/04/2021 16:56;D;
108.96;10/04/2021 16:56;U;
188.70;10/04/2021 17:01;D;
106.02;10/04/2021 17:01;U;
225.87;10/04/2021 17:06;D;
108.51;10/04/2021 17:06;U;
222.77;10/04/2021 17:11;D;
104.24;10/04/2021 17:11;U;
260.92;10/04/2021 17:16;D;
103.99;10/04/2021 17:16;U;
239.55;10/04/2021 17:21;D;
106.98;10/04/2021 17:21;U;
260.87;10/04/2021 17:26;D;
11.54;10/04/2021 17:26;U;
231.87;10/04/2021 17:31;D;
105.03;10/04/2021 17:31;U;
273.77;10/04/2021 17:36;D;
99.75;10/04/2021 17:36;U;
248.65;10/04/2021 17:41;D;
104.01;10/04/2021 17:41;U;
230.48;10/04/2021 17:46;D;
96.56;10/04/2021 17:46;U;
214.55;10/04/2021 17:51;D;
105.00;10/04/2021 17:51;U;
208.41;10/04/2021 17:56;D;
90.71;10/04/2021 17:56;U;
239.57;10/04/2021 18:01;D;
102.48;10/04/2021 18:01;U;
261.95;10/04/2021 18:06;D;
107.12;10/04/2021 18:06;U;
234.73;10/04/2021 18:11;D;
97.97;10/04/2021 18:11;U;
224.59;10/04/2021 18:16;D;
104.68;10/04/2021 18:16;U;
239.09;10/04/2021 18:21;D;
105.60;10/04/2021 18:21;U;
268.73;10/04/2021 18:26;D;
109.99;10/04/2021 18:26;U;
251.44;10/04/2021 18:31;D;
106.83;10/04/2021 18:31;U;
237.61;10/04/2021 18:36;D;
98.00;10/04/2021 18:36;U;
261.56;10/04/2021 18:41;D;
99.98;10/04/2021 18:41;U;
236.40;10/04/2021 18:46;D;
97.25;10/04/2021 18:46;U;
244.61;10/04/2021 18:51;D;
75.01;10/04/2021 18:51;U;
246.77;10/04/2021 18:56;D;
91.98;10/04/2021 18:56;U;
246.28;10/04/2021 19:01;D;
103.33;10/04/2021 19:01;U;
233.32;10/04/2021 19:06;D;
111.69;10/04/2021 19:06;U;
248.22;10/04/2021 19:11;D;
96.74;10/04/2021 19:11;U;
252.18;10/04/2021 19:16;D;
109.19;10/04/2021 19:16;U;
256.78;10/04/2021 19:21;D;
98.90;10/04/2021 19:21;U;
199.34;10/04/2021 19:26;D;
118.99;10/04/2021 19:26;U;
258.28;10/04/2021 19:31;D;
114.67;10/04/2021 19:31;U;
265.21;10/04/2021 19:36;D;
114.73;10/04/2021 19:36;U;
243.84;10/04/2021 19:41;D;
116.13;10/04/2021 19:41;U;
262.03;10/04/2021 19:46;D;
116.91;10/04/2021 19:46;U;
261.81;10/04/2021 19:51;D;
101.41;10/04/2021 19:51;U;
237.68;10/04/2021 19:56;D;
89.53;10/04/2021 19:56;U;
273.62;10/04/2021 20:01;D;
94.56;10/04/2021 20:01;U;
269.94;10/04/2021 20:06;D;
119.52;10/04/2021 20:06;U;
252.86;10/04/2021 20:11;D;
115.28;10/04/2021 20:11;U;
264.85;10/04/2021 20:16;D;
115.98;10/04/2021 20:16;U;
264.20;10/04/2021 20:21;D;
115.40;10/04/2021 20:21;U;
267.13;10/04/2021 20:26;D;
114.06;10/04/2021 20:26;U;
241.37;10/04/2021 20:31;D;
72.28;10/04/2021 20:31;U;
235.47;10/04/2021 20:36;D;
77.75;10/04/2021 20:36;U;
187.42;10/04/2021 20:41;D;
87.18;10/04/2021 20:41;U;
247.55;10/04/2021 20:46;D;
85.99;10/04/2021 20:46;U;
267.32;10/04/2021 20:51;D;
118.28;10/04/2021 20:51;U;
256.64;10/04/2021 20:56;D;
98.94;10/04/2021 20:56;U;
228.05;10/04/2021 21:01;D;
2.11;10/04/2021 21:01;U;
268.60;10/04/2021 21:06;D;
85.64;10/04/2021 21:06;U;
282.87;10/04/2021 21:11;D;
103.51;10/04/2021 21:11;U;
268.94;10/04/2021 21:16;D;
116.66;10/04/2021 21:16;U;
242.19;10/04/2021 21:21;D;
82.67;10/04/2021 21:21;U;
252.85;10/04/2021 21:26;D;
114.47;10/04/2021 21:26;U;
211.09;10/04/2021 21:31;D;
90.77;10/04/2021 21:31;U;
247.03;10/04/2021 21:36;D;
79.11;10/04/2021 21:36;U;
265.74;10/04/2021 21:41;D;
95.48;10/04/2021 21:41;U;
246.22;10/04/2021 21:46;D;
116.68;10/04/2021 21:46;U;
187.39;10/04/2021 21:51;D;
102.40;10/04/2021 21:51;U;
270.12;10/04/2021 21:56;D;
106.82;10/04/2021 21:56;U;
247.99;10/04/2021 22:01;D;
97.82;10/04/2021 22:01;U;
194.86;10/04/2021 22:06;D;
116.95;10/04/2021 22:06;U;
259.86;10/04/2021 22:11;D;
70.23;10/04/2021 22:11;U;
257.90;10/04/2021 22:16;D;
115.74;10/04/2021 22:16;U;
264.77;10/04/2021 22:21;D;
79.34;10/04/2021 22:21;U;
251.56;10/04/2021 22:26;D;
96.16;10/04/2021 22:26;U;
222.91;10/04/2021 22:31;D;
107.56;10/04/2021 22:31;U;
211.38;10/04/2021 22:36;D;
84.92;10/04/2021 22:36;U;
250.59;10/04/2021 22:41;D;
119.47;10/04/2021 22:41;U;
286.18;10/04/2021 22:46;D;
103.25;10/04/2021 22:46;U;
275.75;10/04/2021 22:51;D;
119.91;10/04/2021 22:51;U;
254.65;10/04/2021 22:56;D;
119.02;10/04/2021 22:56;U;
252.96;10/04/2021 23:01;D;
119.65;10/04/2021 23:01;U;
276.96;10/04/2021 23:06;D;
89.76;10/04/2021 23:06;U;
270.09;10/04/2021 23:11;D;
119.71;10/04/2021 23:11;U;
251.71;10/04/2021 23:16;D;
119.47;10/04/2021 23:16;U;
194.27;10/04/2021 23:21;D;
92.22;10/04/2021 23:21;U;
140.49;10/04/2021 23:26;D;
75.10;10/04/2021 23:26;U;
281.15;10/04/2021 23:31;D;
118.16;10/04/2021 23:31;U;
209.43;10/04/2021 23:36;D;
120.16;10/04/2021 23:36;U;
250.18;10/04/2021 23:41;D;
119.09;10/04/2021 23:41;U;
230.79;10/04/2021 23:46;D;
119.57;10/04/2021 23:46;U;
280.80;10/04/2021 23:51;D;
119.30;10/04/2021 23:51;U;
268.82;10/04/2021 23:56;D;
116.99;10/04/2021 23:56;U;
180.61;11/04/2021 00:01;D;
118.43;11/04/2021 00:01;U;
146.94;11/04/2021 00:06;D;
117.40;11/04/2021 00:06;U;
211.09;11/04/2021 00:11;D;
104.64;11/04/2021 00:11;U;
281.84;11/04/2021 00:16;D;
119.63;11/04/2021 00:16;U;
188.70;11/04/2021 00:21;D;
98.45;11/04/2021 00:21;U;
274.91;11/04/2021 00:26;D;
116.59;11/04/2021 00:26;U;
263.40;11/04/2021 00:31;D;
119.90;11/04/2021 00:31;U;
219.34;11/04/2021 00:36;D;
118.20;11/04/2021 00:36;U;
260.63;11/04/2021 00:41;D;
120.42;11/04/2021 00:41;U;
134.69;11/04/2021 00:46;D;
119.80;11/04/2021 00:46;U;
256.78;11/04/2021 00:51;D;
119.66;11/04/2021 00:51;U;
170.50;11/04/2021 00:56;D;
119.77;11/04/2021 00:56;U;
198.29;11/04/2021 01:01;D;
119.40;11/04/2021 01:01;U;
121.95;11/04/2021 01:06;D;
118.62;11/04/2021 01:06;U;
223.33;11/04/2021 01:11;D;
119.06;11/04/2021 01:11;U;
238.13;11/04/2021 01:16;D;
116.64;11/04/2021 01:16;U;
231.58;11/04/2021 01:21;D;
112.84;11/04/2021 01:21;U;
241.28;11/04/2021 01:26;D;
92.40;11/04/2021 01:26;U;
251.48;11/04/2021 01:31;D;
105.64;11/04/2021 01:31;U;
243.18;11/04/2021 01:36;D;
110.46;11/04/2021 01:36;U;
40.06;11/04/2021 01:41;D;
75.66;11/04/2021 01:41;U;
169.90;11/04/2021 01:46;D;
102.51;11/04/2021 01:46;U;
170.37;11/04/2021 01:51;D;
79.52;11/04/2021 01:51;U;
270.69;11/04/2021 01:56;D;
103.24;11/04/2021 01:56;U;
115.22;11/04/2021 02:01;D;
97.71;11/04/2021 02:01;U;
112.87;11/04/2021 02:06;D;
98.83;11/04/2021 02:06;U;
211.78;11/04/2021 02:11;D;
106.95;11/04/2021 02:11;U;
145.97;11/04/2021 02:16;D;
87.12;11/04/2021 02:16;U;
244.23;11/04/2021 02:21;D;
108.96;11/04/2021 02:21;U;
239.47;11/04/2021 02:26;D;
58.37;11/04/2021 02:26;U;
240.40;11/04/2021 02:31;D;
112.24;11/04/2021 02:31;U;
244.19;11/04/2021 02:36;D;
112.11;11/04/2021 02:36;U;
202.36;11/04/2021 02:41;D;
102.85;11/04/2021 02:41;U;
248.63;11/04/2021 02:46;D;
108.71;11/04/2021 02:46;U;
252.72;11/04/2021 02:51;D;
114.37;11/04/2021 02:51;U;
259.63;11/04/2021 02:56;D;
100.44;11/04/2021 02:56;U;
120.31;11/04/2021 03:01;D;
107.54;11/04/2021 03:01;U;
230.32;11/04/2021 03:06;D;
103.59;11/04/2021 03:06;U;
135.50;11/04/2021 03:11;D;
53.40;11/04/2021 03:11;U;
221.80;11/04/2021 03:16;D;
107.66;11/04/2021 03:16;U;
264.67;11/04/2021 03:21;D;
112.09;11/04/2021 03:21;U;
272.41;11/04/2021 03:26;D;
105.85;11/04/2021 03:26;U;
168.66;11/04/2021 03:31;D;
107.31;11/04/2021 03:31;U;
183.16;11/04/2021 03:36;D;
100.17;11/04/2021 03:36;U;
251.02;11/04/2021 03:41;D;
100.89;11/04/2021 03:41;U;
63.00;11/04/2021 03:46;D;
90.00;11/04/2021 03:46;U;
279.10;11/04/2021 03:51;D;
96.77;11/04/2021 03:51;U;
255.59;11/04/2021 03:56;D;
80.05;11/04/2021 03:56;U;
241.46;11/04/2021 04:01;D;
104.00;11/04/2021 04:01;U;
238.28;11/04/2021 04:06;D;
84.99;11/04/2021 04:06;U;
160.91;11/04/2021 04:11;D;
97.15;11/04/2021 04:11;U;
240.89;11/04/2021 04:16;D;
106.85;11/04/2021 04:16;U;
275.54;11/04/2021 04:21;D;
80.35;11/04/2021 04:21;U;
246.41;11/04/2021 04:26;D;
119.44;11/04/2021 04:26;U;
273.62;11/04/2021 04:31;D;
117.83;11/04/2021 04:31;U;
241.05;11/04/2021 04:36;D;
118.38;11/04/2021 04:36;U;
282.30;11/04/2021 04:41;D;
82.19;11/04/2021 04:41;U;
251.94;11/04/2021 04:46;D;
118.37;11/04/2021 04:46;U;
230.31;11/04/2021 04:51;D;
118.86;11/04/2021 04:51;U;
274.47;11/04/2021 04:56;D;
118.84;11/04/2021 04:56;U;
256.33;11/04/2021 05:01;D;
118.27;11/04/2021 05:01;U;
262.86;11/04/2021 05:06;D;
118.37;11/04/2021 05:06;U;
266.12;11/04/2021 05:11;D;
118.79;11/04/2021 05:11;U;
232.74;11/04/2021 05:16;D;
118.47;11/04/2021 05:16;U;
279.22;11/04/2021 05:21;D;
118.60;11/04/2021 05:21;U;
274.80;11/04/2021 05:26;D;
118.06;11/04/2021 05:26;U;
272.94;11/04/2021 05:31;D;
118.84;11/04/2021 05:31;U;
270.78;11/04/2021 05:36;D;
118.61;11/04/2021 05:36;U;
282.76;11/04/2021 05:41;D;
118.75;11/04/2021 05:41;U;
276.16;11/04/2021 05:46;D;
119.34;11/04/2021 05:46;U;
246.64;11/04/2021 05:51;D;
117.61;11/04/2021 05:51;U;
232.64;11/04/2021 05:56;D;
118.87;11/04/2021 05:56;U;
266.35;11/04/2021 06:01;D;
118.66;11/04/2021 06:01;U;
227.75;11/04/2021 06:06;D;
118.77;11/04/2021 06:06;U;
267.38;11/04/2021 06:11;D;
119.28;11/04/2021 06:11;U;
260.65;11/04/2021 06:16;D;
118.97;11/04/2021 06:16;U;
225.97;11/04/2021 06:21;D;
119.32;11/04/2021 06:21;U;
260.52;11/04/2021 06:26;D;
117.81;11/04/2021 06:26;U;
256.63;11/04/2021 06:31;D;
118.21;11/04/2021 06:31;U;
250.38;11/04/2021 06:36;D;
119.31;11/04/2021 06:36;U;
227.86;11/04/2021 06:41;D;
118.39;11/04/2021 06:41;U;
252.10;11/04/2021 06:46;D;
119.49;11/04/2021 06:46;U;
280.64;11/04/2021 06:51;D;
118.61;11/04/2021 06:51;U;
271.19;11/04/2021 06:56;D;
118.24;11/04/2021 06:56;U;
267.10;11/04/2021 07:01;D;
118.77;11/04/2021 07:01;U;
265.72;11/04/2021 07:06;D;
117.42;11/04/2021 07:06;U;
263.53;11/04/2021 07:11;D;
118.18;11/04/2021 07:11;U;
260.48;11/04/2021 07:16;D;
119.08;11/04/2021 07:16;U;
251.85;11/04/2021 07:21;D;
119.03;11/04/2021 07:21;U;
266.83;11/04/2021 07:26;D;
120.13;11/04/2021 07:26;U;
262.42;11/04/2021 07:31;D;
118.77;11/04/2021 07:31;U;
262.05;11/04/2021 07:36;D;
120.03;11/04/2021 07:36;U;
245.51;11/04/2021 07:41;D;
119.21;11/04/2021 07:41;U;
245.08;11/04/2021 07:46;D;
118.51;11/04/2021 07:46;U;
272.92;11/04/2021 07:51;D;
119.48;11/04/2021 07:51;U;
251.71;11/04/2021 07:56;D;
119.95;11/04/2021 07:56;U;
263.73;11/04/2021 08:01;D;
56.29;11/04/2021 08:01;U;
275.27;11/04/2021 08:06;D;
119.85;11/04/2021 08:06;U;
257.80;11/04/2021 08:11;D;
120.29;11/04/2021 08:11;U;
231.89;11/04/2021 08:16;D;
119.15;11/04/2021 08:16;U;
258.88;11/04/2021 08:21;D;
120.05;11/04/2021 08:21;U;
254.41;11/04/2021 08:26;D;
117.79;11/04/2021 08:26;U;
250.06;11/04/2021 08:31;D;
118.63;11/04/2021 08:31;U;
216.62;11/04/2021 08:36;D;
118.17;11/04/2021 08:36;U;
275.67;11/04/2021 08:41;D;
119.59;11/04/2021 08:41;U;
268.89;11/04/2021 08:46;D;
59.38;11/04/2021 08:46;U;
229.49;11/04/2021 08:51;D;
118.42;11/04/2021 08:51;U;
243.00;11/04/2021 08:56;D;
119.12;11/04/2021 08:56;U;
262.36;11/04/2021 09:01;D;
56.51;11/04/2021 09:01;U;
241.35;11/04/2021 09:06;D;
109.89;11/04/2021 09:06;U;
261.03;11/04/2021 09:11;D;
109.89;11/04/2021 09:11;U;
269.40;11/04/2021 09:21;D;
64.03;11/04/2021 09:21;U;
251.72;11/04/2021 09:26;D;
115.36;11/04/2021 09:26;U;
253.31;11/04/2021 09:31;D;
117.21;11/04/2021 09:31;U;
266.33;11/04/2021 09:36;D;
117.36;11/04/2021 09:36;U;
257.86;11/04/2021 09:41;D;
120.72;11/04/2021 09:41;U;
247.78;11/04/2021 09:46;D;
118.52;11/04/2021 09:46;U;
221.90;11/04/2021 09:51;D;
118.53;11/04/2021 09:51;U;
251.75;11/04/2021 09:56;D;
118.98;11/04/2021 09:56;U;
252.34;11/04/2021 10:01;D;
63.25;11/04/2021 10:01;U;
218.07;11/04/2021 10:06;D;
117.16;11/04/2021 10:06;U;
263.24;11/04/2021 10:11;D;
119.94;11/04/2021 10:11;U;
246.49;11/04/2021 10:16;D;
118.56;11/04/2021 10:16;U;
262.26;11/04/2021 10:21;D;
118.95;11/04/2021 10:21;U;
269.29;11/04/2021 10:26;D;
65.28;11/04/2021 10:26;U;
273.92;11/04/2021 10:31;D;
62.20;11/04/2021 10:31;U;
247.26;11/04/2021 10:36;D;
119.18;11/04/2021 10:36;U;
220.32;11/04/2021 10:41;D;
117.07;11/04/2021 10:41;U;
253.62;11/04/2021 10:46;D;
119.06;11/04/2021 10:46;U;
260.80;11/04/2021 10:51;D;
58.66;11/04/2021 10:51;U;
218.13;11/04/2021 10:56;D;
79.63;11/04/2021 10:56;U;
231.30;11/04/2021 11:01;D;
117.52;11/04/2021 11:01;U;
258.45;11/04/2021 11:06;D;
120.15;11/04/2021 11:06;U;
274.80;11/04/2021 11:11;D;
118.50;11/04/2021 11:11;U;
257.05;11/04/2021 11:16;D;
119.52;11/04/2021 11:16;U;
271.15;11/04/2021 11:21;D;
120.04;11/04/2021 11:21;U;
235.34;11/04/2021 11:26;D;
103.73;11/04/2021 11:26;U;
267.21;11/04/2021 11:31;D;
60.56;11/04/2021 11:31;U;
266.52;11/04/2021 11:36;D;
119.47;11/04/2021 11:36;U;
272.60;11/04/2021 11:41;D;
119.61;11/04/2021 11:41;U;
257.33;11/04/2021 11:46;D;
56.77;11/04/2021 11:46;U;
197.32;11/04/2021 11:51;D;
119.79;11/04/2021 11:51;U;
189.91;11/04/2021 11:56;D;
98.43;11/04/2021 11:56;U;
163.53;11/04/2021 12:01;D;
59.25;11/04/2021 12:01;U;
123.61;11/04/2021 12:06;D;
119.33;11/04/2021 12:06;U;
190.67;11/04/2021 12:11;D;
119.91;11/04/2021 12:11;U;
160.96;11/04/2021 12:16;D;
118.53;11/04/2021 12:16;U;
198.78;11/04/2021 12:21;D;
120.10;11/04/2021 12:21;U;
187.19;11/04/2021 12:26;D;
120.09;11/04/2021 12:26;U;
207.57;11/04/2021 12:31;D;
118.06;11/04/2021 12:31;U;
255.26;11/04/2021 12:36;D;
117.93;11/04/2021 12:36;U;
278.86;11/04/2021 12:41;D;
119.24;11/04/2021 12:41;U;
228.52;11/04/2021 12:46;D;
118.12;11/04/2021 12:46;U;
214.49;11/04/2021 12:51;D;
118.46;11/04/2021 12:51;U;
224.98;11/04/2021 12:56;D;
119.66;11/04/2021 12:56;U;
246.78;11/04/2021 13:01;D;
119.09;11/04/2021 13:01;U;
205.26;11/04/2021 13:06;D;
94.18;11/04/2021 13:06;U;
197.86;11/04/2021 13:11;D;
119.80;11/04/2021 13:11;U;
244.55;11/04/2021 13:16;D;
117.23;11/04/2021 13:16;U;
198.80;11/04/2021 13:21;D;
62.05;11/04/2021 13:21;U;
178.32;11/04/2021 13:26;D;
62.71;11/04/2021 13:26;U;
218.35;11/04/2021 13:31;D;
116.73;11/04/2021 13:31;U;
209.20;11/04/2021 13:36;D;
119.31;11/04/2021 13:36;U;
214.95;11/04/2021 13:41;D;
116.86;11/04/2021 13:41;U;
183.26;11/04/2021 13:46;D;
106.08;11/04/2021 13:46;U;
189.47;11/04/2021 13:51;D;
115.86;11/04/2021 13:51;U;
145.33;11/04/2021 13:56;D;
61.15;11/04/2021 13:56;U;
154.59;11/04/2021 14:01;D;
58.44;11/04/2021 14:01;U;
190.62;11/04/2021 14:06;D;
119.28;11/04/2021 14:06;U;
168.05;11/04/2021 14:11;D;
118.58;11/04/2021 14:11;U;
195.75;11/04/2021 14:16;D;
18.25;11/04/2021 14:16;U;
173.06;11/04/2021 14:21;D;
119.07;11/04/2021 14:21;U;
194.82;11/04/2021 14:26;D;
94.06;11/04/2021 14:26;U;
219.03;11/04/2021 14:31;D;
120.28;11/04/2021 14:31;U;
233.76;11/04/2021 14:36;D;
114.98;11/04/2021 14:36;U;
169.37;11/04/2021 14:41;D;
60.46;11/04/2021 14:41;U;
217.54;11/04/2021 14:46;D;
119.62;11/04/2021 14:46;U;
216.74;11/04/2021 14:51;D;
104.92;11/04/2021 14:51;U;
221.48;11/04/2021 14:56;D;
119.02;11/04/2021 14:56;U;
205.74;11/04/2021 15:01;D;
119.04;11/04/2021 15:01;U;
192.19;11/04/2021 15:06;D;
118.32;11/04/2021 15:06;U;
220.34;11/04/2021 15:11;D;
117.90;11/04/2021 15:11;U;
243.52;11/04/2021 15:16;D;
113.72;11/04/2021 15:16;U;
261.52;11/04/2021 15:21;D;
119.40;11/04/2021 15:21;U;
204.98;11/04/2021 15:26;D;
114.59;11/04/2021 15:26;U;
233.22;11/04/2021 15:31;D;
93.85;11/04/2021 15:31;U;
271.73;11/04/2021 15:36;D;
64.60;11/04/2021 15:36;U;
224.88;11/04/2021 15:41;D;
63.76;11/04/2021 15:41;U;
260.45;11/04/2021 15:46;D;
120.16;11/04/2021 15:46;U;
236.26;11/04/2021 15:51;D;
62.64;11/04/2021 15:51;U;
259.22;11/04/2021 15:56;D;
119.47;11/04/2021 15:56;U;
239.23;11/04/2021 16:01;D;
119.10;11/04/2021 16:01;U;
260.43;11/04/2021 16:06;D;
63.06;11/04/2021 16:06;U;
265.49;11/04/2021 16:11;D;
119.98;11/04/2021 16:11;U;
240.00;11/04/2021 16:16;D;
119.98;11/04/2021 16:16;U;
219.24;11/04/2021 16:21;D;
115.10;11/04/2021 16:21;U;
241.67;11/04/2021 16:26;D;
114.02;11/04/2021 16:26;U;
248.76;11/04/2021 16:31;D;
117.55;11/04/2021 16:31;U;
228.89;11/04/2021 16:36;D;
118.73;11/04/2021 16:36;U;
253.87;11/04/2021 16:41;D;
118.13;11/04/2021 16:41;U;
261.05;11/04/2021 16:46;D;
118.89;11/04/2021 16:46;U;
238.27;11/04/2021 16:51;D;
66.68;11/04/2021 16:51;U;
255.47;11/04/2021 16:56;D;
96.21;11/04/2021 16:56;U;
276.33;11/04/2021 17:01;D;
116.91;11/04/2021 17:01;U;
260.76;11/04/2021 17:06;D;
60.92;11/04/2021 17:06;U;
244.93;11/04/2021 17:11;D;
119.46;11/04/2021 17:11;U;
253.89;11/04/2021 17:16;D;
119.25;11/04/2021 17:16;U;
249.76;11/04/2021 17:21;D;
120.22;11/04/2021 17:21;U;
241.42;11/04/2021 17:26;D;
84.70;11/04/2021 17:26;U;
226.02;11/04/2021 17:31;D;
62.24;11/04/2021 17:31;U;
236.48;11/04/2021 17:36;D;
119.19;11/04/2021 17:36;U;
240.72;11/04/2021 17:41;D;
67.58;11/04/2021 17:41;U;
256.31;11/04/2021 17:46;D;
60.79;11/04/2021 17:46;U;
224.19;11/04/2021 17:51;D;
119.25;11/04/2021 17:51;U;
235.88;11/04/2021 17:56;D;
118.94;11/04/2021 17:56;U;
272.07;11/04/2021 18:01;D;
119.61;11/04/2021 18:01;U;
224.35;11/04/2021 18:06;D;
112.93;11/04/2021 18:06;U;
204.38;11/04/2021 18:11;D;
62.72;11/04/2021 18:11;U;
212.91;11/04/2021 18:16;D;
92.51;11/04/2021 18:16;U;
238.04;11/04/2021 18:21;D;
118.87;11/04/2021 18:21;U;
254.93;11/04/2021 18:26;D;
118.23;11/04/2021 18:26;U;
257.78;11/04/2021 18:31;D;
118.20;11/04/2021 18:31;U;
243.73;11/04/2021 18:36;D;
119.42;11/04/2021 18:36;U;
265.02;11/04/2021 18:41;D;
120.68;11/04/2021 18:41;U;
242.51;11/04/2021 18:46;D;
118.45;11/04/2021 18:46;U;
226.66;11/04/2021 18:51;D;
119.15;11/04/2021 18:51;U;
261.08;11/04/2021 18:56;D;
114.28;11/04/2021 18:56;U;
271.53;11/04/2021 19:01;D;
119.68;11/04/2021 19:01;U;
252.55;11/04/2021 19:06;D;
15.40;11/04/2021 19:06;U;
228.95;11/04/2021 19:11;D;
60.76;11/04/2021 19:11;U;
246.06;11/04/2021 19:16;D;
119.40;11/04/2021 19:16;U;
252.89;11/04/2021 19:21;D;
119.13;11/04/2021 19:21;U;
262.05;11/04/2021 19:26;D;
76.27;11/04/2021 19:26;U;
226.73;11/04/2021 19:31;D;
94.51;11/04/2021 19:31;U;
227.84;11/04/2021 19:36;D;
108.11;11/04/2021 19:36;U;
242.12;11/04/2021 19:41;D;
110.74;11/04/2021 19:41;U;
241.56;11/04/2021 19:46;D;
113.87;11/04/2021 19:46;U;
237.14;11/04/2021 19:51;D;
105.68;11/04/2021 19:51;U;
251.03;11/04/2021 19:56;D;
107.36;11/04/2021 19:56;U;
245.17;11/04/2021 20:01;D;
120.58;11/04/2021 20:01;U;
271.20;11/04/2021 20:06;D;
99.56;11/04/2021 20:06;U;
254.90;11/04/2021 20:11;D;
92.27;11/04/2021 20:11;U;
281.32;11/04/2021 20:16;D;
108.49;11/04/2021 20:16;U;
255.74;11/04/2021 20:21;D;
120.18;11/04/2021 20:21;U;
279.10;11/04/2021 20:26;D;
108.79;11/04/2021 20:26;U;
253.17;11/04/2021 20:31;D;
115.81;11/04/2021 20:31;U;
213.40;11/04/2021 20:36;D;
96.08;11/04/2021 20:36;U;
277.07;11/04/2021 20:41;D;
119.59;11/04/2021 20:41;U;
258.69;11/04/2021 20:46;D;
103.61;11/04/2021 20:46;U;
272.15;11/04/2021 20:51;D;
93.87;11/04/2021 20:51;U;
274.20;11/04/2021 20:56;D;
112.32;11/04/2021 20:56;U;
287.68;11/04/2021 21:01;D;
101.04;11/04/2021 21:01;U;
251.90;11/04/2021 21:06;D;
104.44;11/04/2021 21:06;U;
262.73;11/04/2021 21:11;D;
116.51;11/04/2021 21:11;U;
246.18;11/04/2021 21:16;D;
119.34;11/04/2021 21:16;U;
282.90;11/04/2021 21:21;D;
113.91;11/04/2021 21:21;U;
285.16;11/04/2021 21:26;D;
113.34;11/04/2021 21:26;U;
248.58;11/04/2021 21:31;D;
32.35;11/04/2021 21:31;U;
259.97;11/04/2021 21:36;D;
6.88;11/04/2021 21:36;U;
251.89;11/04/2021 21:41;D;
17.92;11/04/2021 21:41;U;
281.32;11/04/2021 21:46;D;
68.23;11/04/2021 21:46;U;
246.29;11/04/2021 21:51;D;
65.89;11/04/2021 21:51;U;
232.95;11/04/2021 21:56;D;
50.46;11/04/2021 21:56;U;
211.90;11/04/2021 22:01;D;
38.02;11/04/2021 22:01;U;
229.91;11/04/2021 22:06;D;
18.38;11/04/2021 22:06;U;
287.05;11/04/2021 22:11;D;
61.44;11/04/2021 22:11;U;
238.98;11/04/2021 22:16;D;
78.78;11/04/2021 22:16;U;
229.11;11/04/2021 22:21;D;
14.41;11/04/2021 22:21;U;
251.94;11/04/2021 22:26;D;
105.96;11/04/2021 22:26;U;
271.34;11/04/2021 22:31;D;
19.83;11/04/2021 22:31;U;
252.73;11/04/2021 22:36;D;
19.79;11/04/2021 22:36;U;
175.38;11/04/2021 22:42;D;
19.20;11/04/2021 22:42;U;
206.81;11/04/2021 22:46;D;
90.81;11/04/2021 22:46;U;
262.82;11/04/2021 22:51;D;
57.89;11/04/2021 22:51;U;
249.32;11/04/2021 22:56;D;
91.76;11/04/2021 22:56;U;
254.81;11/04/2021 23:01;D;
115.05;11/04/2021 23:01;U;
250.73;11/04/2021 23:06;D;
113.77;11/04/2021 23:06;U;
237.70;11/04/2021 23:11;D;
118.40;11/04/2021 23:11;U;
251.31;11/04/2021 23:16;D;
114.97;11/04/2021 23:16;U;
250.88;11/04/2021 23:21;D;
118.99;11/04/2021 23:21;U;
247.12;11/04/2021 23:26;D;
118.71;11/04/2021 23:26;U;
292.66;11/04/2021 23:31;D;
115.06;11/04/2021 23:31;U;
259.77;11/04/2021 23:36;D;
116.09;11/04/2021 23:36;U;
277.42;11/04/2021 23:41;D;
113.45;11/04/2021 23:41;U;
248.81;11/04/2021 23:46;D;
75.00;11/04/2021 23:46;U;
273.86;11/04/2021 23:51;D;
107.33;11/04/2021 23:51;U;
241.24;11/04/2021 23:56;D;
114.61;11/04/2021 23:56;U;
272.35;12/04/2021 00:01;D;
116.95;12/04/2021 00:01;U;
280.93;12/04/2021 00:06;D;
110.49;12/04/2021 00:06;U;
243.02;12/04/2021 00:11;D;
120.08;12/04/2021 00:11;U;
271.09;12/04/2021 00:16;D;
118.34;12/04/2021 00:16;U;
267.73;12/04/2021 00:21;D;
113.02;12/04/2021 00:21;U;
232.89;12/04/2021 00:26;D;
98.95;12/04/2021 00:26;U;
0.00;12/04/2021 00:31;D;
30.95;12/04/2021 00:31;U;
260.18;12/04/2021 00:36;D;
116.73;12/04/2021 00:36;U;
276.96;12/04/2021 00:41;D;
43.80;12/04/2021 00:41;U;
275.86;12/04/2021 00:46;D;
11.60;12/04/2021 00:46;U;
259.21;12/04/2021 00:51;D;
120.02;12/04/2021 00:51;U;
283.83;12/04/2021 00:56;D;
118.16;12/04/2021 00:56;U;
264.89;12/04/2021 01:01;D;
119.54;12/04/2021 01:01;U;
254.97;12/04/2021 01:06;D;
120.46;12/04/2021 01:06;U;
255.33;12/04/2021 01:11;D;
118.75;12/04/2021 01:11;U;
266.89;12/04/2021 01:16;D;
118.84;12/04/2021 01:16;U;
263.08;12/04/2021 01:21;D;
112.76;12/04/2021 01:21;U;
254.04;12/04/2021 01:26;D;
118.37;12/04/2021 01:26;U;
248.18;12/04/2021 01:31;D;
119.55;12/04/2021 01:31;U;
263.36;12/04/2021 01:36;D;
58.96;12/04/2021 01:36;U;
264.65;12/04/2021 01:41;D;
58.96;12/04/2021 01:41;U;
262.92;12/04/2021 01:46;D;
119.93;12/04/2021 01:46;U;
246.13;12/04/2021 01:51;D;
116.87;12/04/2021 01:51;U;
217.79;12/04/2021 01:56;D;
119.06;12/04/2021 01:56;U;
265.14;12/04/2021 02:01;D;
116.39;12/04/2021 02:01;U;
262.48;12/04/2021 02:06;D;
119.63;12/04/2021 02:06;U;
248.52;12/04/2021 02:11;D;
120.36;12/04/2021 02:11;U;
276.45;12/04/2021 02:16;D;
119.63;12/04/2021 02:16;U;
259.39;12/04/2021 02:21;D;
119.70;12/04/2021 02:21;U;
235.36;12/04/2021 02:26;D;
116.58;12/04/2021 02:26;U;
271.57;12/04/2021 02:31;D;
118.96;12/04/2021 02:31;U;
276.82;12/04/2021 02:36;D;
120.24;12/04/2021 02:36;U;
248.96;12/04/2021 02:41;D;
56.38;12/04/2021 02:41;U;
274.68;12/04/2021 02:46;D;
57.47;12/04/2021 02:46;U;
278.23;12/04/2021 02:51;D;
57.26;12/04/2021 02:51;U;
266.66;12/04/2021 02:56;D;
58.23;12/04/2021 02:56;U;
288.19;12/04/2021 03:01;D;
119.89;12/04/2021 03:01;U;
276.23;12/04/2021 03:06;D;
119.18;12/04/2021 03:06;U;
274.78;12/04/2021 03:11;D;
118.44;12/04/2021 03:11;U;
278.45;12/04/2021 03:16;D;
118.66;12/04/2021 03:16;U;
275.10;12/04/2021 03:21;D;
118.59;12/04/2021 03:21;U;
280.99;12/04/2021 03:26;D;
116.88;12/04/2021 03:26;U;
258.16;12/04/2021 03:31;D;
119.17;12/04/2021 03:31;U;
267.92;12/04/2021 03:36;D;
119.70;12/04/2021 03:36;U;
282.84;12/04/2021 03:41;D;
118.46;12/04/2021 03:41;U;
244.17;12/04/2021 03:46;D;
119.62;12/04/2021 03:46;U;
268.38;12/04/2021 03:51;D;
118.71;12/04/2021 03:51;U;
248.05;12/04/2021 03:56;D;
117.08;12/04/2021 03:56;U;
274.69;12/04/2021 04:01;D;
56.72;12/04/2021 04:01;U;
240.74;12/04/2021 04:06;D;
118.86;12/04/2021 04:06;U;
269.03;12/04/2021 04:11;D;
118.35;12/04/2021 04:11;U;
260.11;12/04/2021 04:16;D;
116.97;12/04/2021 04:16;U;
273.51;12/04/2021 04:21;D;
56.55;12/04/2021 04:21;U;
248.37;12/04/2021 04:26;D;
120.43;12/04/2021 04:26;U;
284.99;12/04/2021 04:31;D;
119.68;12/04/2021 04:31;U;
289.66;12/04/2021 04:36;D;
119.36;12/04/2021 04:36;U;
280.22;12/04/2021 04:41;D;
120.21;12/04/2021 04:41;U;
269.74;12/04/2021 04:46;D;
120.51;12/04/2021 04:46;U;
271.17;12/04/2021 04:51;D;
120.99;12/04/2021 04:51;U;
260.62;12/04/2021 04:56;D;
121.07;12/04/2021 04:56;U;
251.66;12/04/2021 05:01;D;
118.38;12/04/2021 05:01;U;
282.27;12/04/2021 05:06;D;
120.45;12/04/2021 05:06;U;
248.80;12/04/2021 05:11;D;
120.66;12/04/2021 05:11;U;
279.84;12/04/2021 05:16;D;
119.69;12/04/2021 05:16;U;
278.02;12/04/2021 05:21;D;
120.35;12/04/2021 05:21;U;
278.43;12/04/2021 05:26;D;
120.17;12/04/2021 05:26;U;
287.58;12/04/2021 05:31;D;
119.99;12/04/2021 05:31;U;
288.76;12/04/2021 05:36;D;
119.51;12/04/2021 05:36;U;
283.56;12/04/2021 05:41;D;
119.08;12/04/2021 05:41;U;
279.93;12/04/2021 05:46;D;
120.01;12/04/2021 05:46;U;
233.84;12/04/2021 05:51;D;
120.23;12/04/2021 05:51;U;
257.98;12/04/2021 05:56;D;
119.56;12/04/2021 05:56;U;
274.03;12/04/2021 06:01;D;
119.24;12/04/2021 06:01;U;
293.63;12/04/2021 06:06;D;
123.54;12/04/2021 06:06;U;
255.45;12/04/2021 06:11;D;
108.03;12/04/2021 06:11;U;
276.54;12/04/2021 06:16;D;
120.58;12/04/2021 06:16;U;
248.93;12/04/2021 06:21;D;
120.32;12/04/2021 06:21;U;
262.52;12/04/2021 06:26;D;
118.87;12/04/2021 06:26;U;
266.04;12/04/2021 06:31;D;
121.19;12/04/2021 06:31;U;
253.14;12/04/2021 06:36;D;
119.84;12/04/2021 06:36;U;
254.55;12/04/2021 06:41;D;
118.74;12/04/2021 06:41;U;
229.03;12/04/2021 06:46;D;
102.27;12/04/2021 06:46;U;
242.16;12/04/2021 06:51;D;
118.34;12/04/2021 06:51;U;
256.57;12/04/2021 06:56;D;
118.43;12/04/2021 06:56;U;
266.89;12/04/2021 07:01;D;
117.32;12/04/2021 07:01;U;
280.10;12/04/2021 07:06;D;
118.11;12/04/2021 07:06;U;
255.92;12/04/2021 07:11;D;
120.55;12/04/2021 07:11;U;
254.37;12/04/2021 07:16;D;
119.01;12/04/2021 07:16;U;
267.75;12/04/2021 07:21;D;
119.96;12/04/2021 07:21;U;
289.58;12/04/2021 07:26;D;
118.74;12/04/2021 07:26;U;
282.82;12/04/2021 07:31;D;
120.52;12/04/2021 07:31;U;
251.44;12/04/2021 07:36;D;
120.56;12/04/2021 07:36;U;
235.84;12/04/2021 07:41;D;
107.88;12/04/2021 07:41;U;
229.93;12/04/2021 07:46;D;
120.52;12/04/2021 07:46;U;
266.55;12/04/2021 07:51;D;
119.73;12/04/2021 07:51;U;
251.08;12/04/2021 07:56;D;
120.39;12/04/2021 07:56;U;
256.40;12/04/2021 08:01;D;
119.84;12/04/2021 08:01;U;
269.31;12/04/2021 08:06;D;
112.89;12/04/2021 08:06;U;
280.82;12/04/2021 08:11;D;
121.04;12/04/2021 08:11;U;
219.85;12/04/2021 08:16;D;
104.88;12/04/2021 08:16;U;
271.90;12/04/2021 08:21;D;
118.71;12/04/2021 08:21;U;
226.19;12/04/2021 08:26;D;
119.18;12/04/2021 08:26;U;
258.91;12/04/2021 08:31;D;
125.97;12/04/2021 08:31;U;
268.14;12/04/2021 08:36;D;
118.97;12/04/2021 08:36;U;
273.19;12/04/2021 08:41;D;
119.27;12/04/2021 08:41;U;
273.82;12/04/2021 08:46;D;
121.10;12/04/2021 08:46;U;
281.90;12/04/2021 08:51;D;
116.47;12/04/2021 08:51;U;
270.82;12/04/2021 08:56;D;
120.72;12/04/2021 08:56;U;
220.90;12/04/2021 09:01;D;
114.32;12/04/2021 09:01;U;
199.87;12/04/2021 09:06;D;
115.50;12/04/2021 09:06;U;
249.13;12/04/2021 09:11;D;
119.48;12/04/2021 09:11;U;
171.97;12/04/2021 09:16;D;
120.47;12/04/2021 09:16;U;
202.12;12/04/2021 09:21;D;
105.40;12/04/2021 09:21;U;
172.32;12/04/2021 09:26;D;
120.84;12/04/2021 09:26;U;
225.23;12/04/2021 09:31;D;
119.36;12/04/2021 09:31;U;
195.22;12/04/2021 09:36;D;
119.72;12/04/2021 09:36;U;
204.79;12/04/2021 09:41;D;
120.27;12/04/2021 09:41;U;
197.56;12/04/2021 09:46;D;
120.96;12/04/2021 09:46;U;
237.86;12/04/2021 09:51;D;
118.10;12/04/2021 09:51;U;
245.89;12/04/2021 09:56;D;
116.44;12/04/2021 09:56;U;
237.93;12/04/2021 10:01;D;
115.27;12/04/2021 10:01;U;
255.22;12/04/2021 10:06;D;
118.62;12/04/2021 10:06;U;
218.36;12/04/2021 10:11;D;
99.62;12/04/2021 10:11;U;
205.08;12/04/2021 10:16;D;
93.34;12/04/2021 10:16;U;
241.42;12/04/2021 10:17;D;
108.36;12/04/2021 10:17;U;
224.02;12/04/2021 10:20;D;
16.25;12/04/2021 10:20;U;
216.26;12/04/2021 10:22;D;
116.53;12/04/2021 10:22;U;
160.41;12/04/2021 10:25;D;
119.09;12/04/2021 10:25;U;
8.91;12/04/2021 10:27;D;
77.27;12/04/2021 10:27;U;
243.49;12/04/2021 10:30;D;
118.59;12/04/2021 10:30;U;
218.38;12/04/2021 10:32;D;
116.86;12/04/2021 10:32;U;
263.45;12/04/2021 10:35;D;
118.48;12/04/2021 10:35;U;
255.60;12/04/2021 10:37;D;
118.12;12/04/2021 10:37;U;
271.47;12/04/2021 10:39;D;
116.72;12/04/2021 10:39;U;
249.72;12/04/2021 10:42;D;
118.62;12/04/2021 10:42;U;
217.69;12/04/2021 10:44;D;
118.66;12/04/2021 10:44;U;
244.36;12/04/2021 10:46;D;
118.36;12/04/2021 10:46;U;
231.04;12/04/2021 10:49;D;
117.72;12/04/2021 10:49;U;
244.68;12/04/2021 10:51;D;
102.88;12/04/2021 10:51;U;
